 MySQL  localhost:3306 ssl  SQL > show databases;
+--------------------+
| Database           |
+--------------------+
| information_schema |
| mysql              |
| performance_schema |
| sakila             |
| sys                |
| world              |
+--------------------+
6 rows in set (0.0011 sec)
 MySQL  localhost:3306 ssl  SQL > CREATE DATABASE payroll_service;
Query OK, 1 row affected (0.2472 sec)
 MySQL  localhost:3306 ssl  SQL > show databases;
+--------------------+
| Database           |
+--------------------+
| information_schema |
| mysql              |
| payroll_service    |
| performance_schema |
| sakila             |
| sys                |
| world              |
+--------------------+
7 rows in set (0.0443 sec)
 MySQL  localhost:3306 ssl  SQL > use payroll_service;
Default schema set to `payroll_service`.
Fetching table and column names from `payroll_service` for auto-completion... Press ^C to stop.
 MySQL  localhost:3306 ssl  payroll_service  SQL > SELECT DATABASE();
+-----------------+
| DATABASE()      |
+-----------------+
| payroll_service |
+-----------------+
1 row in set (0.0007 sec)
 MySQL  localhost:3306 ssl  payroll_service  SQL > CREATE TABLE employee_payroll
                                                -> (
                                                -> id INT unsigned NOT NULL AUTO_INCREMENT,
                                                -> name VARCHAR(150) NOT NULL,
                                                -> salary Double NOT NULL,
                                                -> start DATE NOT NULL,
                                                -> PRIMARY KEY (id)
                                                -> );
Query OK, 0 rows affected (2.1209 sec)
 MySQL  localhost:3306 ssl  payroll_service  SQL > DESCRIBE employee_payroll;
+--------+--------------+------+-----+---------+----------------+
| Field  | Type         | Null | Key | Default | Extra          |
+--------+--------------+------+-----+---------+----------------+
| id     | int unsigned | NO   | PRI | NULL    | auto_increment |
| name   | varchar(150) | NO   |     | NULL    |                |
| salary | double       | NO   |     | NULL    |                |
| start  | date         | NO   |     | NULL    |                |
+--------+--------------+------+-----+---------+----------------+
4 rows in set (0.0615 sec)
 MySQL  localhost:3306 ssl  payroll_service  SQL > INSERT INTO employee_payroll (name, salary, start) VALUES
                                                -> ('Sameer', 500000.00, '2021-09-19'),
                                                -> ('Abhishek', 450000.00, '2021-10-02'),
                                                -> ('Durgesh', 480000.00, '2021-11-08');
Query OK, 3 rows affected (1.4095 sec)

Records: 3  Duplicates: 0  Warnings: 0
 MySQL  localhost:3306 ssl  payroll_service  SQL > select * from employee_payroll;
+----+----------+--------+------------+
| id | name     | salary | start      |
+----+----------+--------+------------+
|  1 | Sameer   | 500000 | 2021-09-19 |
|  2 | Abhishek | 450000 | 2021-10-02 |
|  3 | Durgesh  | 480000 | 2021-11-08 |
+----+----------+--------+------------+
3 rows in set (0.0365 sec)
 MySQL  localhost:3306 ssl  payroll_service  SQL > SELECT salary FROM employee_payroll WHERE name = 'Sameer';
+--------+
| salary |
+--------+
| 500000 |
+--------+
1 row in set (0.6533 sec)
